filename,slug,aesthetic_category,order,width,height,description,dominant_token,dominant_css3_name,palette_tokens,palette_css3_names,source
abstract-geometric__jamverse-jam.png,jamverse-jam,abstract-geometric,,1200,1200,A soft grey-and-brown cloudy blob floats on a black background with tangled bright green and magenta line scribbles overlaid on the right. The composition is non-representational and minimal.,#0d0b0c,black,#0d0b0c #575854 #9ba59b #96685b #4c3632 #87f586,black; dimgray; darkgray; dimgray; darkslategray; lightgreen,https://protocolized.summerofprotocols.com/p/jamverse-jam
abstract-geometric__jamverse-jam__00.png,jamverse-jam,abstract-geometric,00,1200,1200,"Generative abstract blob in muted browns and purples on a lime-green field, with magenta looping filament arcs.",#80fe80,lightgreen,#80fe80 #706f74 #6c7d86 #6b8087 #cd73e3 #877372,lightgreen; dimgray; slategray; slategray; orchid; gray,https://protocolized.summerofprotocols.com/p/jamverse-jam
abstract-geometric__jamverse-jam__07.png,jamverse-jam,abstract-geometric,07,1200,1200,"Generative abstract green-and-red glowing cloud form on dark gray, overlaid with tangled orange scribble lines.",#373737,darkslategray,#373737 #0f7419 #582557 #01850b #ae290b #186c50,darkslategray; forestgreen; indigo; green; firebrick; darkslategray,https://protocolized.summerofprotocols.com/p/jamverse-jam
abstract-geometric__sop-fall-forecast__00.jpeg,sop-fall-forecast,abstract-geometric,00,1000,714,Abstract painterly network of glowing white and gold light trails arcing across a deep purple field suggesting a luminous nighttime cityscape or data-flow map.,#635f8e,slategray,#635f8e #56556d #352f54 #232133 #90989c #43396e,slategray; dimgray; darkslategray; darkslategray; lightslategray; darkslateblue,https://protocolized.summerofprotocols.com/p/sop-fall-forecast
abstract-geometric__the-overloaded-train__00.png,the-overloaded-train,abstract-geometric,00,1024,1024,Abstract macro of glowing magenta and violet fluid spreading across a speckled grainy surface; luminous generative texture.,#f0e2f4,lavender,#f0e2f4 #221215 #dfa1f0 #f065fc #e620f8 #9e6867,lavender; black; plum; violet; fuchsia; gray,https://protocolized.summerofprotocols.com/p/the-overloaded-train
figure-portrait__dhcp.png,dhcp,figure-portrait,,2048,2048,"A hooded figure in an orange jacket stands amid a crowd of magenta-clad figures on a rainy futuristic city street, with domes and screens behind. Moody cyberpunk illustration in orange and purple.",#2c252f,darkslategray,#2c252f #623549 #995d4f #d56f2e #953967 #714748,darkslategray; darkslategray; sienna; chocolate; sienna; dimgray,https://protocolized.summerofprotocols.com/p/dhcp
figure-portrait__in-every-lifetime.png,in-every-lifetime,figure-portrait,,1000,1000,"A detailed illustration of a white cat crouched at the edge of a blue pool reflecting koi fish and plants, set against a starry night sky with floating bubbles, one containing a small face. Vivid, surreal naturalistic style.",#9ab189,darkseagreen,#9ab189 #202113 #678b70 #595a2e #5c6e54 #959a64,darkseagreen; black; gray; darkolivegreen; dimgray; gray,https://protocolized.summerofprotocols.com/p/in-every-lifetime
figure-portrait__in-the-garden-of-eden-baby__00.jpeg,in-the-garden-of-eden-baby,figure-portrait,00,1000,714,A detailed painted close-up of a golden macaw's head with a green eye against a purple background.,#5b265a,darkslateblue,#5b265a #dba329 #e0e5d1 #2c2829 #9b6a27 #a3a79d,darkslateblue; goldenrod; gainsboro; darkslategray; sienna; darkgray,https://protocolized.summerofprotocols.com/p/in-the-garden-of-eden-baby
figure-portrait__loyalty.png,loyalty,figure-portrait,,1000,1000,A stylized 3D-rendered scene of a small white cartoon ghost sitting in falling blue rain beside a glowing pink graffiti-like trail on dark ground. Moody and whimsical.,#141d30,black,#141d30 #1d304f #335d8f #294870 #993195 #5b3364,black; darkslategray; darkslateblue; darkslategray; darkmagenta; darkslateblue,https://protocolized.summerofprotocols.com/p/loyalty
figure-portrait__necrophoresis__06.gif,necrophoresis,figure-portrait,06,600,400,"High-contrast pop-art style rendering of a green-toned hand resting on another hand, against a vivid purple and red color-blocked background.",#4e15fc,blueviolet,#4e15fc #0d1f60 #e42b29 #3813f1 #03abf7 #05aa9a,blueviolet; midnightblue; crimson; blue; deepskyblue; lightseagreen,https://protocolized.summerofprotocols.com/p/necrophoresis
figure-portrait__the-air-gap__00.png,the-air-gap,figure-portrait,00,2048,2048,"Painted illustration of an outstretched arm in a red sleeve wearing a bulky glowing wrist device with a yellow ring display, against a pale beige background.",#e7e0c7,gainsboro,#e7e0c7 #dbd1b3 #1e1917 #5f2c25 #b7ad8c #9b6137,gainsboro; wheat; black; saddlebrown; tan; sienna,https://protocolized.summerofprotocols.com/p/the-air-gap
figure-portrait__the-last-archive__22.png,the-last-archive,figure-portrait,22,1280,1280,"Minimal pastel illustration of a green figure stepping through a glowing doorway with a second seated silhouette, titled Leaving.",#909f6d,gray,#909f6d #ecdd99 #6b9265 #c6ab79 #d4af87 #a9b484,gray; khaki; gray; darkkhaki; tan; darkseagreen,https://protocolized.summerofprotocols.com/p/the-last-archive
painterly-illustration__a-chronicle-of-lumina.png,a-chronicle-of-lumina,painterly-illustration,,2048,2048,"A painterly retro-futurist scene of two robed figures flanking a giant glowing flask filled with green liquid, surrounded by suspended ornaments and a red orb above a checkered platform. The mood is sci-fi, ritualistic, and dreamlike.",#5d585d,dimgray,#5d585d #302d2e #a49175 #8c7368 #a79a86 #c8b28b,dimgray; darkslategray; rosybrown; gray; rosybrown; tan,https://protocolized.summerofprotocols.com/p/a-chronicle-of-lumina
painterly-illustration__all-you-can-do-here-is-leave.png,all-you-can-do-here-is-leave,painterly-illustration,,1024,1024,"An abstracted horizontal landscape of pale reeds or grasses above a dark stratified field of soil with blue and yellow streaks. Muted, melancholic digital painting.",#090909,black,#090909 #453525 #a3b0b3 #969961 #555934 #6c6e4d,black; darkslategray; darkgray; gray; darkolivegreen; dimgray,https://protocolized.summerofprotocols.com/p/all-you-can-do-here-is-leave
painterly-illustration__american-skyway.png,american-skyway,painterly-illustration,,1024,1024,"A tall, glitchy spire of fractured imagery rises against a red-and-black gradient sky over a low landscape of mounds and faint structures. The distressed, layered montage style gives a degraded, dreamlike mood.",#26261d,black,#26261d #5c5f16 #592e2c #a02830 #5c5c57 #9e4d54,black; darkolivegreen; saddlebrown; brown; dimgray; sienna,https://protocolized.summerofprotocols.com/p/american-skyway
painterly-illustration__archive.png,archive,painterly-illustration,,2048,2048,"A stylized illustration of towering green tree trunks with glowing circular markings, lining a red-paved path on which small figures walk through a dark forest. The palette is limited to greens, blues, and orange-red with a flat, graphic comic aesthetic.",#9fa34d,darkkhaki,#9fa34d #566653 #1e2a4d #1c1f36 #344c5d #d9ce60,darkkhaki; dimgray; midnightblue; darkslategray; darkslategray; darkkhaki,https://protocolized.summerofprotocols.com/p/archive
painterly-illustration__archives-of-discontinuity.png,archives-of-discontinuity,painterly-illustration,,2048,2048,"A digital illustration of large flying-saucer forms drifting beside a towering tree and a curving tiled wall, with a glowing red ribbon of light arcing across a dark sky. The mood is ominous and surreal.",#241c11,black,#241c11 #716550 #684c31 #58341e #924d2c #8a7158,black; dimgray; darkolivegreen; saddlebrown; sienna; dimgray,https://protocolized.summerofprotocols.com/p/archives-of-discontinuity
painterly-illustration__chore-protocols.png,chore-protocols,painterly-illustration,,2048,2048,"A stylized painted interior showing an upright vacuum cleaner, a potted monstera plant, bookshelves, and framed art lit by warm slatted light. The composition is domestic and quiet with saturated teal and orange tones.",#242820,darkslategray,#242820 #5a3017 #64502a #a36516 #a6a187 #ac9a6c,darkslategray; saddlebrown; darkolivegreen; sienna; rosybrown; darkkhaki,https://protocolized.summerofprotocols.com/p/chore-protocols
painterly-illustration__circadia__00.png,circadia,painterly-illustration,00,1000,714,"A digital painting of a hand resting on undulating bedsheets beneath a glowing green oval device emitting wave-like patterns, in muted dark tones.",#2b2d2a,darkslategray,#2b2d2a #a2ae90 #4d6e5d #39574f #6b8a6f #929e74,darkslategray; darkseagreen; dimgray; darkslategray; gray; gray,https://protocolized.summerofprotocols.com/p/circadia
painterly-illustration__das-protokoll__00.png,das-protokoll,painterly-illustration,00,1000,714,Stylized retro illustration of laboratory or industrial machines with a glowing yellow circular dial on a teal background.,#2a908f,darkcyan,#2a908f #eae6b8 #59655e #5d988f #99b29f #e6a218,darkcyan; wheat; dimgray; cadetblue; darkgray; goldenrod,https://protocolized.summerofprotocols.com/p/das-protokoll
painterly-illustration__dhcp__00.png,dhcp,painterly-illustration,00,2048,2048,Moody sci-fi concept art of a silhouetted figure facing a vast rain-streaked cyberpunk cityscape with glowing windows and curving roadways.,#1e181f,black,#1e181f #595b4c #958d5e #3c4442 #4b483c #4c3336,black; darkolivegreen; gray; darkslategray; darkslategray; darkslategray,https://protocolized.summerofprotocols.com/p/dhcp
painterly-illustration__dirt-simple.png,dirt-simple,painterly-illustration,,2048,2048,"Two figures in detailed protective suits with glowing visors dig into glowing earth with shovels in a vivid pink-and-orange rocky desert landscape at night. The richly colored, intricate illustration has a science-fiction narrative mood.",#151a2c,black,#151a2c #f3d0ab #9a6368 #665860 #9b638b #d4ad93,black; wheat; gray; dimgray; gray; tan,https://protocolized.summerofprotocols.com/p/dirt-simple
painterly-illustration__fault-tolerance.png,fault-tolerance,painterly-illustration,,2048,2048,"A moody digital painting of a cluttered subterranean control room with a circular porthole, multiple monitors, schematics, and an office chair, lit in teal and amber. The mood is industrial and abandoned.",#111e1e,black,#111e1e #225b58 #536757 #5d4e33 #4f9c90 #e2a220,black; darkslategray; dimgray; darkolivegreen; cadetblue; goldenrod,https://protocolized.summerofprotocols.com/p/fault-tolerance
painterly-illustration__genius-in-the-bottle__00.jpeg,genius-in-the-bottle,painterly-illustration,00,1000,714,"Surreal airbrushed painting of glowing lime-green dome shapes against a starry purple sky, one pair sprouting cartoonish eyes.",#272456,midnightblue,#272456 #a1ad5b #cdd29c #60616d #bac272 #1b1a3b,midnightblue; darkkhaki; tan; dimgray; darkkhaki; midnightblue,https://protocolized.summerofprotocols.com/p/genius-in-the-bottle
painterly-illustration__ghosts-in-machines-d0a.png,ghosts-in-machines-d0a,painterly-illustration,,2048,2048,"Stylized interior scene with a yellow ghost-like figure beside a desk holding an old computer and keyboard, a second ghost face glowing on a monitor. Warm orange tones against a dark, rain-streaked background with floating orbs, melancholic mood.",#2d2922,darkslategray,#2d2922 #e39750 #574e37 #54604d #d96f36 #a15835,darkslategray; sandybrown; darkolivegreen; darkolivegreen; chocolate; sienna,https://protocolized.summerofprotocols.com/p/ghosts-in-machines-d0a
painterly-illustration__hardwired.png,hardwired,painterly-illustration,,1000,1000,A row of leaning wooden utility poles and tangled wires along an overgrown forest roadside at dusk. Atmospheric painted scene in deep blues and greens.,#132626,black,#132626 #1d4d66 #0f3553 #195386 #536f55 #2e4d33,black; darkslategray; darkslategray; teal; dimgray; darkslategray,https://protocolized.summerofprotocols.com/p/hardwired
painterly-illustration__hardwired__00.jpeg,hardwired,painterly-illustration,00,1000,714,"Stylized painterly illustration of a forest at dusk with leaning utility poles and tangled power lines over a mossy embankment and pale path, in deep blues and luminous greens.",#142725,black,#142725 #205061 #0f3552 #1c5989 #2d4e32 #537053,black; darkslategray; darkslategray; teal; darkslategray; dimgray,https://protocolized.summerofprotocols.com/p/hardwired
painterly-illustration__haven-tailors.png,haven-tailors,painterly-illustration,,2048,2048,"A vivid mid-century-style painted interior of a tailor or clothing shop with a rack of colored garments, a glowing sunburst on an orange wall, and a suited man viewing a large moon through an angular window. Saturated orange, blue, and yellow palette with a retro illustrative feel.",#e45d32,chocolate,#e45d32 #5c5166 #1d4f76 #dd9b5e #4c385f #34345e,chocolate; dimgray; darkslategray; sandybrown; darkslategray; darkslategray,https://protocolized.summerofprotocols.com/p/haven-tailors
painterly-illustration__human-enough-dae__00.png,human-enough-dae,painterly-illustration,00,2048,2048,"Painterly sci-fi scene of monolithic cylindrical towers with red-lit slits surrounding a domed structure, a lone figure on a reflective red-and-teal plaza.",#5a6762,dimgray,#5a6762 #2d2a2b #708b77 #8d9f92 #689289 #1ea09f,dimgray; darkslategray; gray; darkseagreen; slategray; lightseagreen,https://protocolized.summerofprotocols.com/p/human-enough-dae
painterly-illustration__in-the-garden-of-eden-baby__06.jpeg,in-the-garden-of-eden-baby,painterly-illustration,06,840,840,A stylized illustration of a teal Vespa scooter in a pink alley with three figures walking toward a sunset.,#242020,black,#242020 #a66a63 #4e322c #5c4836 #b68671 #695b4f,black; indianred; darkslategray; darkolivegreen; rosybrown; dimgray,https://protocolized.summerofprotocols.com/p/in-the-garden-of-eden-baby
painterly-illustration__lessons-from-the-librarians__00.png,lessons-from-the-librarians,painterly-illustration,00,1000,714,Stylized retro sci-fi render of a massive angular yellow concrete structure with a porthole window and purple glow under a starry sky.,#1a95a8,lightseagreen,#1a95a8 #072d4e #0d1a2f #1b565c #a58a5d #f3cb66,lightseagreen; midnightblue; black; darkslategray; peru; sandybrown,https://protocolized.summerofprotocols.com/p/lessons-from-the-librarians
painterly-illustration__libraries-of-tomorrow.png,libraries-of-tomorrow,painterly-illustration,,2048,2048,"Painterly illustration of a vast futuristic library canyon with towering curved bookshelves and skyscraper-like structures, two tiny figures walking on a reflective floor below. Atmospheric, monumental scale with warm orange accents against cool blue.",#151f27,black,#151f27 #ebe7d5 #9fa7a3 #54615f #344954 #253547,black; antiquewhite; darkgray; dimgray; darkslategray; darkslategray,https://protocolized.summerofprotocols.com/p/libraries-of-tomorrow
painterly-illustration__mismatch.png,mismatch,painterly-illustration,,1000,1000,"A close-up of a pale blue-grey appliance or machine panel with a keypad, a coin slot, and a recessed digital display, set against a green background. The clean photographic crop emphasizes industrial product detail.",#d9e1e3,gainsboro,#d9e1e3 #c1cc8a #9daca6 #181b0c #576058 #b6c5cb,gainsboro; tan; darkgray; black; dimgray; silver,https://protocolized.summerofprotocols.com/p/mismatch
painterly-illustration__necrophoresis__07.png,necrophoresis,painterly-illustration,07,1355,1355,"Muted retro illustration of a dim cluttered room with vintage computers, an orange desk, and two glowing-eyed ghost-like creatures under streaks of rain.",#2d2a22,darkslategray,#2d2a22 #e39751 #574e37 #54604c #d96f37 #a15835,darkslategray; sandybrown; darkolivegreen; darkolivegreen; peru; sienna,https://protocolized.summerofprotocols.com/p/necrophoresis
painterly-illustration__noise-ordinance.png,noise-ordinance,painterly-illustration,,2048,2048,"A stylized nighttime street scene with low lit suburban buildings, bare trees, a red truck on a wet road, and a bright sun or moon in a dark sky. Muted, moody mid-century illustration style.",#162326,black,#162326 #e4b05d #5e5332 #5f6a54 #917451 #a18c54,black; sandybrown; darkolivegreen; dimgray; dimgray; peru,https://protocolized.summerofprotocols.com/p/noise-ordinance
painterly-illustration__operationalizing__00.png,operationalizing,painterly-illustration,00,2048,2048,"Cyberpunk concept art of a vast industrial corridor with a huge teal capsule looming overhead, glowing yellow light, and a lone figure walking, bathed in pink and purple haze.",#9d65a0,gray,#9d65a0 #65578e #16202e #31546a #263551 #de94a3,gray; darkslateblue; black; darkslategray; darkslategray; palevioletred,https://protocolized.summerofprotocols.com/p/operationalizing
painterly-illustration__phantom-in-eden__00.png,phantom-in-eden,painterly-illustration,00,1000,714,"Small surreal render of a pale ovoid pod opening into a tunnel of nested arches with green foliage, in muted mint and cream tones.",#d0d7ad,silver,#d0d7ad #dde2cb #9b9a68 #b2cda1 #94a988 #ceb164,silver; gainsboro; gray; silver; darkseagreen; darkkhaki,https://protocolized.summerofprotocols.com/p/phantom-in-eden
painterly-illustration__signals-in-the-margins__00.jpeg,signals-in-the-margins,painterly-illustration,00,1000,714,Hazy purple-toned painterly scene of a vehicle in fog or snow with glowing magenta headlights.,#7560a3,slategray,#7560a3 #8a64b3 #6a32a0 #a855c7 #e036e6 #a834ca,slategray; slateblue; darkslateblue; mediumorchid; mediumorchid; darkorchid,https://protocolized.summerofprotocols.com/p/signals-in-the-margins
painterly-illustration__soda-sweet-as-blood__05.png,soda-sweet-as-blood,painterly-illustration,05,1000,1000,Dim painterly interior at dusk with warm orange light across the room and a small glowing green ghost-like figure peering up in the foreground.,#121217,black,#121217 #e26222 #562f21 #ee9a53 #f78d34 #a45127,black; chocolate; saddlebrown; sandybrown; coral; sienna,https://protocolized.summerofprotocols.com/p/soda-sweet-as-blood
painterly-illustration__songs-of-hydropolia__06.gif,songs-of-hydropolia,painterly-illustration,06,600,400,Minimalist seascape painting of sun reflecting on rippled blue ocean water in a long vertical streak toward the horizon.,#2a4f62,darkslategray,#2a4f62 #242f33 #326990 #253a47 #638ca9 #4a7797,darkslategray; darkslategray; steelblue; darkslategray; cadetblue; steelblue,https://protocolized.summerofprotocols.com/p/songs-of-hydropolia
painterly-illustration__the-entropic-gate-part-i.png,the-entropic-gate-part-i,painterly-illustration,,2048,2048,"Five translucent, bioluminescent humanoid figures ascend a steep rocky cliff under a large blue planet and starry night sky. Glowing, ethereal sci-fi render.",#0f0d0f,black,#0f0d0f #6c5e58 #8c715e #2c2e54 #614939 #4b3830,black; dimgray; dimgray; darkslategray; darkolivegreen; darkslategray,https://protocolized.summerofprotocols.com/p/the-entropic-gate-part-i
painterly-illustration__the-entropic-gate-part-ii.png,the-entropic-gate-part-ii,painterly-illustration,,2048,2048,"A painterly scene of a curved white crescent staircase descending from a monolithic tower toward a vast purple futuristic cityscape under a moonlit sky, with small caped figures on the steps. The textured brushwork conveys a dramatic, lonely mood.",#1d1f28,black,#1d1f28 #5d5461 #31324a #aca797 #d4c9ac #493a55,black; dimgray; darkslategray; darkgray; silver; darkslategray,https://protocolized.summerofprotocols.com/p/the-entropic-gate-part-ii
painterly-illustration__the-house-that-paid-its-own-bills__00.png,the-house-that-paid-its-own-bills,painterly-illustration,00,1000,1000,Soft painterly illustration of a potted plant on a windowsill with sunlight streaming through a hazy window.,#0a1915,black,#0a1915 #a0a899 #5f6e5e #a19565 #d6d4c4 #cac9b6,black; darkgray; dimgray; darkkhaki; lightgray; silver,https://protocolized.summerofprotocols.com/p/the-house-that-paid-its-own-bills
painterly-illustration__the-hungering-circuit__00.png,the-hungering-circuit,painterly-illustration,00,2048,2048,A sweeping black-and-orange ribbon coils through a vast turquoise modernist atrium with curved ramps and stairways and tiny figures; a surreal architectural digital painting.,#506a64,dimgray,#506a64 #1c1d33 #e1d4a0 #9dac8d #36535b #263147,dimgray; darkslategray; palegoldenrod; darkseagreen; darkslategray; darkslategray,https://protocolized.summerofprotocols.com/p/the-hungering-circuit
painterly-illustration__the-last-archive.png,the-last-archive,painterly-illustration,,2048,2048,"Two small figures walk a red-tiled path among colossal green tree-like columns bearing circular portals in a dense alien forest. Stylized retro-futurist illustration in green, blue, and orange.",#9fa34d,darkkhaki,#9fa34d #566653 #1e2a4d #1c1f36 #344c5d #d9ce60,darkkhaki; dimgray; midnightblue; darkslategray; darkslategray; darkkhaki,https://protocolized.summerofprotocols.com/p/the-last-archive
painterly-illustration__the-reverie-loop__00.png,the-reverie-loop,painterly-illustration,00,1000,714,Dense silhouetted forest of dark tree trunks with soft glowing yellow-blue light filtering between them; a moody atmospheric painting.,#252627,darkslategray,#252627 #5d625c #dfcd92 #9e9573 #a0a78c #cfb377,darkslategray; dimgray; burlywood; gray; darkseagreen; tan,https://protocolized.summerofprotocols.com/p/the-reverie-loop
painterly-illustration__the-signal-under-innsmouth.png,the-signal-under-innsmouth,painterly-illustration,,2048,2048,"A moody digital painting of a dark cyberpunk alley between towering buildings, lit by glowing orange lamps and a lone hooded figure standing at right. Atmospheric, dystopian mood.",#131a19,black,#131a19 #596363 #31474d #959e9f #647887 #233c43,black; dimgray; darkslategray; darkgray; slategray; darkslategray,https://protocolized.summerofprotocols.com/p/the-signal-under-innsmouth
painterly-illustration__the-signal-under-innsmouth__06.png,the-signal-under-innsmouth,painterly-illustration,06,1536,1024,"A dystopian dusk cityscape of weathered buildings and glowing orange windows with a central tower, rendered as atmospheric concept art.",#16180e,black,#16180e #ac885f #6d6a55 #534c38 #c5935f #8d7959,black; peru; dimgray; darkolivegreen; peru; gray,https://protocolized.summerofprotocols.com/p/the-signal-under-innsmouth
painterly-illustration__to-share-and-remember.png,to-share-and-remember,painterly-illustration,,2048,2048,"A row of translucent, bioluminescent humanoid figures of increasing height ascends a steep rocky cliff edge beneath a large blue planet in a starry black sky. The glowing figures against the realistic rock create a surreal, otherworldly scene.",#0f0d0f,black,#0f0d0f #6c5e58 #8c715e #2c2e54 #614939 #4b3830,black; dimgray; dimgray; darkslategray; darkolivegreen; darkslategray,https://protocolized.summerofprotocols.com/p/to-share-and-remember
painterly-illustration__towel-uprising.png,towel-uprising,painterly-illustration,,1000,1000,"A painted scene of a large floral-patterned cloth draped like a tent over a structure beside a pool, under a blue sky with cumulus clouds. Bright, crisp anime-influenced illustration with a calm, slightly surreal mood.",#2e648d,darkslateblue,#2e648d #9daa9d #2c5763 #619298 #242a27 #5c7160,darkslateblue; darkgray; darkslategray; cadetblue; darkslategray; dimgray,https://protocolized.summerofprotocols.com/p/towel-uprising
painterly-illustration__we-shape-our-tools-and-thereafter__04.png,we-shape-our-tools-and-thereafter,painterly-illustration,04,1000,1000,Moody low-resolution painterly rendering of an apartment building at night with softly glowing purple-lit windows against weathered orange-brown walls.,#614925,darkolivegreen,#614925 #4c371b #2b2111 #675457 #8c5a2f #8f6b5a,darkolivegreen; darkolivegreen; black; dimgray; sienna; dimgray,https://protocolized.summerofprotocols.com/p/we-shape-our-tools-and-thereafter
painterly-illustration__what-is-formal-protocol-theory__00.png,what-is-formal-protocol-theory,painterly-illustration,00,1000,714,"Minimal 3D render of floating geometric primitives (spheres, slabs, a speckled cube, an orange ball) suspended over a pale plane against a muted teal background.",#85a4a3,darkseagreen,#85a4a3 #e3e5d0 #070a06 #c7cab9 #7c9b9b #bac3b4,darkseagreen; gainsboro; black; silver; lightslategray; silver,https://protocolized.summerofprotocols.com/p/what-is-formal-protocol-theory
photographic__consensus-nightmares.jpeg,consensus-nightmares,photographic,,1024,1024,"Close-up of a square translucent slab resembling a circuit-board maze, swirled with green, pink, and white iridescent tones and punctured by several black holes, on a black backdrop. Tactile, abstract.",#111411,black,#111411 #93a4a6 #50685b #619263 #759291 #345436,black; darkgray; dimgray; dimgray; lightslategray; darkslategray,https://protocolized.summerofprotocols.com/p/consensus-nightmares
photographic__egregoretex.jpeg,egregoretex,photographic,,3024,3024,"A close-up photograph of frost-covered woodland undergrowth, showing dried ferns, twigs with red-and-white frosted leaves, and the weathered bark of a tree trunk. Muted natural winter tones with a cold, still mood.",#62605a,dimgray,#62605a #9e9f9b #2b2923 #cfd8d8 #4d4739 #928777,dimgray; darkgray; darkslategray; lightgray; darkslategray; gray,https://protocolized.summerofprotocols.com/p/egregoretex
photographic__have-your-factory-call-my-factory.jpeg,have-your-factory-call-my-factory,photographic,,4000,6000,"An aerial photograph of a dense coniferous forest of green pine trees viewed from above. The image is a flat, uniform texture of treetops with naturalistic lighting.",#5a612a,darkolivegreen,#5a612a #2c3029 #5c614a #3a452b #8d8c31 #97944f,darkolivegreen; darkslategray; darkolivegreen; darkslategray; olivedrab; gray,https://protocolized.summerofprotocols.com/p/have-your-factory-call-my-factory
photographic__introducing-the-protocol-institute__11.jpeg,introducing-the-protocol-institute,photographic,11,800,799,"A dense, fleshy 3D render of feathers, talons, and torn red-and-grey organic matter resembling a decaying creature.",#241815,black,#241815 #685b54 #562821 #946d5d #a69b99 #9f8e68,black; dimgray; saddlebrown; gray; darkgray; gray,https://protocolized.summerofprotocols.com/p/introducing-the-protocol-institute
photographic__latency__05.png,latency,photographic,05,1000,1000,Cropped variant of glassy water droplets dripping from reeds over a mottled teal-and-gold painterly backdrop.,#266058,darkslategray,#266058 #15271e #5c9c94 #51715d #979263 #568874,darkslategray; black; cadetblue; dimgray; gray; dimgray,https://protocolized.summerofprotocols.com/p/latency
photographic__mr-cork-and-the-red-bus__00.jpeg,mr-cork-and-the-red-bus,photographic,00,896,640,"Stylized grainy red-toned image of an aged hand reaching toward a red telephone box, with a bright lens flare and cinematic noise treatment.",#641010,maroon,#641010 #941415 #9e5356 #d95757 #685257 #3c1d1e,maroon; darkred; sienna; indianred; dimgray; darkslategray,https://protocolized.summerofprotocols.com/p/mr-cork-and-the-red-bus
photographic__signals-in-the-margins.png,signals-in-the-margins,photographic,,1000,1000,"A blurred, grainy photograph of an oncoming train or vehicle emitting bright magenta headlights through fog over wet pavement. The image is dominated by a purple-pink haze with an indistinct, atmospheric mood.",#755fa3,slategray,#755fa3 #8964b1 #67329b #aa5ac8 #e360e7 #e036e6,slategray; slateblue; darkslateblue; mediumorchid; orchid; mediumorchid,https://protocolized.summerofprotocols.com/p/signals-in-the-margins
photographic__the-whimsy-index__06.jpeg,the-whimsy-index,photographic,06,1254,1254,A heavily blurred amber-and-teal abstract render of a glowing rounded form with faint glowing text.,#242925,darkslategray,#242925 #67a6a5 #676150 #8b734e #988e66 #93ac9e,darkslategray; cadetblue; dimgray; dimgray; gray; darkseagreen,https://protocolized.summerofprotocols.com/p/the-whimsy-index
retro-vintage__a-chronicle-of-lumina__07.png,a-chronicle-of-lumina,retro-vintage,07,2048,2048,A neon-lit retro sci-fi illustration of a domed alien colony at night with a large red shoulder bag or device hanging in the foreground.,#55545a,dimgray,#55545a #32302d #66a6a8 #5ec5bc #e25e47 #5dc9c1,dimgray; darkslategray; cadetblue; mediumaquamarine; tomato; mediumaquamarine,https://protocolized.summerofprotocols.com/p/a-chronicle-of-lumina
retro-vintage__a-sea-of-distributed-ai.png,a-sea-of-distributed-ai,retro-vintage,,2048,2048,"A painted retro-futurist scene of a stag in profile beside a forested outcrop, facing a derelict spired city under a purple sky streaked with glowing red orbs and white contour lines. Mood is eerie and contemplative.",#23232a,darkslategray,#23232a #d4cea5 #5f5c66 #a1a19c #503352 #352f44,darkslategray; tan; dimgray; darkgray; darkslategray; darkslategray,https://protocolized.summerofprotocols.com/p/a-sea-of-distributed-ai
retro-vintage__brackish-strategy__00.png,brackish-strategy,retro-vintage,00,1000,714,"Mid-century-styled abstract collage in muted teal and orange with organic curves, a dotted spherical burst, and a vertical seismograph-like waveform.",#afd0c3,silver,#afd0c3 #dcdfb9 #e1e4c8 #9dac9d #ea6829 #1b1c1b,silver; palegoldenrod; gainsboro; darkgray; chocolate; black,https://protocolized.summerofprotocols.com/p/brackish-strategy
retro-vintage__fine-print__00.png,fine-print,retro-vintage,00,2048,2048,Retro mid-century sci-fi painting of a giant ribbon of printed text arcing over a blue mountain bay as small figures walk a coastal path.,#206168,darkslategray,#206168 #e1d498 #5c9f8c #a0a45b #d2b356 #e1ca65,darkslategray; khaki; cadetblue; darkkhaki; darkkhaki; burlywood,https://protocolized.summerofprotocols.com/p/fine-print
retro-vintage__genius-in-the-bottle__05.png,genius-in-the-bottle,retro-vintage,05,1000,1000,"Retro sci-fi cockpit and instrument panel with a viewport showing green waveform mountains and ghost-like shapes against a starfield, framed by vintage dials and gauges.",#1e1b22,black,#1e1b22 #292556 #686163 #9da164 #a19e95 #cec9a7,black; midnightblue; dimgray; darkkhaki; darkgray; silver,https://protocolized.summerofprotocols.com/p/genius-in-the-bottle
retro-vintage__one-tension-to-rule-them-all.png,one-tension-to-rule-them-all,retro-vintage,,2048,2048,"Retro sci-fi illustration of a technician in a green jumpsuit and yellow hard hat seated on a stool, working at a pink cylindrical tower on a barren lunar-like surface with a domed facility and beam of light. Vintage 1970s space concept-art aesthetic.",#121c31,black,#121c31 #27545b #183051 #d3d0ca #5b5e6b #a0a097,black; darkslategray; midnightblue; lightgray; dimgray; darkgray,https://protocolized.summerofprotocols.com/p/one-tension-to-rule-them-all
retro-vintage__reflections-from-memoria__00.jpeg,reflections-from-memoria,retro-vintage,00,1000,714,"Bold abstract composition of golden textured shapes (spirals, blobs, and triangles) arranged like an exploded diagram on a saturated blue field.",#001fc3,mediumblue,#001fc3 #0f20a5 #ac921c #675618 #1f1b0e #cdb11d,mediumblue; darkblue; darkgoldenrod; darkolivegreen; black; goldenrod,https://protocolized.summerofprotocols.com/p/reflections-from-memoria
retro-vintage__risky-autonomy-vs-walled-gardens__00.png,risky-autonomy-vs-walled-gardens,retro-vintage,00,2048,2048,"Retro sci-fi painting of a glowing UFO suspending beams of light over a walled garden at night under a starry sky, with small figures below.",#1b1816,black,#1b1816 #5d5337 #9f9253 #95654b #6b6945 #533027,black; darkolivegreen; peru; sienna; darkolivegreen; darkolivegreen,https://protocolized.summerofprotocols.com/p/risky-autonomy-vs-walled-gardens
retro-vintage__songs-of-hydropolia__00.jpeg,songs-of-hydropolia,retro-vintage,00,1000,714,"Retro-futurist sci-fi illustration of a coastal industrial complex with a cutaway showing pipes and machinery, rendered in teal-sky and golden tones.",#5dad94,cadetblue,#5dad94 #d8b264 #a89863 #a1b78c #2e2022 #ddcd93,cadetblue; darkkhaki; darkkhaki; darkseagreen; darkslategray; burlywood,https://protocolized.summerofprotocols.com/p/songs-of-hydropolia
retro-vintage__sop-2025-accelerating-order.png,sop-2025-accelerating-order,retro-vintage,,2048,2048,"Surreal painted balance scale with an organic, perforated bone-white and yellow armature, two hanging pans, set in a pastel landscape with trees and a teal sky. Retro sci-fi illustration mood.",#20959b,lightseagreen,#20959b #ded9a3 #19778d #5bb2a4 #a0caa5 #f4eacc,lightseagreen; palegoldenrod; teal; cadetblue; darkseagreen; blanchedalmond,https://protocolized.summerofprotocols.com/p/sop-2025-accelerating-order
retro-vintage__strange-new-rules.png,strange-new-rules,retro-vintage,,2048,2048,"A retro-futurist illustration of a towering night city with thin spires beneath a large glowing moon emitting vertical light beams, with small figures walking past purple foliage. The painted mid-century sci-fi aesthetic gives a nostalgic, monumental mood.",#181e24,black,#181e24 #9d642c #4e3124 #634c2e #d5ad5b #5a6354,black; sienna; darkolivegreen; darkolivegreen; darkkhaki; dimgray,https://protocolized.summerofprotocols.com/p/strange-new-rules
retro-vintage__the-40-hour-work-week.png,the-40-hour-work-week,retro-vintage,,2048,2048,"A retro-futurist split painting showing a white gothic spire tower and gondola in an outdoor plaza on the left, and a busy orange-toned office interior with men at desks and large spherical machines on the right.",#666669,dimgray,#666669 #997058 #a89a8d #a68a71 #a15630 #a3320f,dimgray; gray; rosybrown; rosybrown; sienna; brown,https://protocolized.summerofprotocols.com/p/the-40-hour-work-week
retro-vintage__the-big-man__00.png,the-big-man,retro-vintage,00,1200,630,"Posterized, screenprint-style illustration of a pyramidal stack of pale rounded stones or seals against a muted blue-grey ground, with a worn vintage texture.",#a9b4b2,darkgray,#a9b4b2 #f3f3c7 #443423 #d8d5b0 #999668 #706653,darkgray; lightgoldenrodyellow; darkslategray; palegoldenrod; gray; dimgray,https://protocolized.summerofprotocols.com/p/the-big-man
retro-vintage__the-big-man__05.png,the-big-man,retro-vintage,05,1024,1024,"Posterized, distressed-texture illustration of a full triangular pyramid built of pale rounded carved stones on a muted blue-grey background.",#a9b3b1,darkgray,#a9b3b1 #f4f3c8 #443423 #d7d5af #95926e #6b6657,darkgray; lightgoldenrodyellow; darkslategray; palegoldenrod; gray; dimgray,https://protocolized.summerofprotocols.com/p/the-big-man
retro-vintage__the-last-archive__00.png,the-last-archive,retro-vintage,00,2048,2048,Retro-futurist collage of a circuit-etched moon-orb over a coastal city with light trails and a figure in orange; vintage sci-fi book-plate style.,#595f59,dimgray,#595f59 #94a48d #2b3446 #e7dca5 #a39668 #384752,dimgray; darkseagreen; darkslategray; palegoldenrod; darkkhaki; darkslategray,https://protocolized.summerofprotocols.com/p/the-last-archive
retro-vintage__the-last-archive__09.jpeg,the-last-archive,retro-vintage,09,1000,714,"An ovoid pod-bed capsule embedded in a wall with bookshelf, lamp and a small blue tree; stylized retro-futurist interior painting.",#63745f,dimgray,#63745f #212929 #c5b994 #74876b #91926c #aba989,dimgray; darkslategray; tan; gray; gray; rosybrown,https://protocolized.summerofprotocols.com/p/the-last-archive
retro-vintage__the-view-from-the-bridge__05.png,the-view-from-the-bridge,retro-vintage,05,896,896,"A small orange-and-green halftone illustration of a suspension bridge over stylized coastline forms, matching a retro print aesthetic.",#ac7525,darkgoldenrod,#ac7525 #fe8939 #67631c #fb9d57 #81883a #fbd2a3,darkgoldenrod; coral; darkolivegreen; sandybrown; olivedrab; navajowhite,https://protocolized.summerofprotocols.com/p/the-view-from-the-bridge
retro-vintage__time-to-die__00.png,time-to-die,retro-vintage,00,2048,2048,A retro sci-fi painting of a glowing golden flying saucer over a starry night sky with a perched bird and a hawk in flight below.,#1f221d,black,#1f221d #355349 #2f443a #516250 #5e4c2d #553224,black; darkslategray; darkslategray; darkolivegreen; darkolivegreen; darkolivegreen,https://protocolized.summerofprotocols.com/p/time-to-die
retro-vintage__woods.png,woods,retro-vintage,,2048,2048,"Retro sci-fi illustration of a large UFO and several smaller flying saucers descending through a misty autumnal pine forest bathed in warm golden light. Nostalgic, atmospheric vintage spaceart mood.",#9c634d,sienna,#9c634d #d1a36b #f6cf72 #a35533 #74484f #b78961,sienna; darkkhaki; khaki; sienna; dimgray; peru,https://protocolized.summerofprotocols.com/p/woods
surreal-collage__2026-protocol-symposium-new-nature.png,2026-protocol-symposium-new-nature,surreal-collage,,1200,630,"A white star or snowflake-like burst speckled with black dots sits centered over a dark, mottled green-and-purple organic field. The composition is non-representational with a glowing neon-edged central form against a textured background.",#182219,black,#182219 #215628 #556459 #2c6351 #f5f6f5 #588e66,black; darkslategray; dimgray; darkslategray; whitesmoke; dimgray,https://protocolized.summerofprotocols.com/p/2026-protocol-symposium-new-nature
surreal-collage__3-protocols-for-articulating-civilizational__00.png,3-protocols-for-articulating-civilizational,surreal-collage,00,1000,714,"A small surreal painting of a glowing molten-orange bulb or jellyfish form against a dark teal field, with tiny ringed planet motifs on thin wires.",#38484c,darkslategray,#38484c #465e61 #333d41 #323b3e #f5efcd #ebe0a6,darkslategray; darkslategray; darkslategray; darkslategray; blanchedalmond; palegoldenrod,https://protocolized.summerofprotocols.com/p/3-protocols-for-articulating-civilizational
surreal-collage__a-primordial-computing-soup__00.png,a-primordial-computing-soup,surreal-collage,00,1129,1129,Abstract generative texture of blue and grey mottled fluid behind a white notched ring or gear outline.,#6b6b9b,slategray,#6b6b9b #93939f #665e63 #6060d8 #fcfcfc #0c0c0d,slategray; lightslategray; dimgray; slateblue; snow; black,https://protocolized.summerofprotocols.com/p/a-primordial-computing-soup
surreal-collage__caduceus-city.png,caduceus-city,surreal-collage,,896,1120,"A chaotic glitch-like composition of melting purple, yellow, pink, and gray organic forms with faint mechanical and architectural fragments. Distorted, dreamlike, and disorienting.",#19171a,black,#19171a #575358 #6b61a9 #705dd8 #8a76d1 #eacadd,black; dimgray; slateblue; slateblue; mediumpurple; thistle,https://protocolized.summerofprotocols.com/p/caduceus-city
surreal-collage__have-your-factory-call-my-factory__00.png,have-your-factory-call-my-factory,surreal-collage,00,1129,1129,"Surreal close-up of a halved fruit with purple seeds, encircled by a white mechanical gear-like ring; macro botanical photo collaged with a graphic cog outline.",#ac9696,rosybrown,#ac9696 #220e13 #c7b59a #fcfcfb #ab926f #6f545e,rosybrown; black; tan; snow; rosybrown; dimgray,https://protocolized.summerofprotocols.com/p/have-your-factory-call-my-factory
surreal-collage__introducing-the-protocol-institute__12.png,introducing-the-protocol-institute,surreal-collage,12,1024,1024,An embossed steel-blue dharma-wheel emblem set against a rippled marbled blue-and-white background.,#5d646a,dimgray,#5d646a #939ca0 #758694 #637788 #2d6097 #dbdeda,dimgray; darkgray; lightslategray; slategray; darkslateblue; gainsboro,https://protocolized.summerofprotocols.com/p/introducing-the-protocol-institute
surreal-collage__inventing-new-nature__00.png,inventing-new-nature,surreal-collage,00,1024,1024,A surreal emblem with an iridescent human brain centered inside a white gear or aperture ring over a leafy backdrop.,#282726,darkslategray,#282726 #ececec #645f56 #9fa39e #909072 #97b0c9,darkslategray; whitesmoke; dimgray; darkgray; gray; darkgray,https://protocolized.summerofprotocols.com/p/inventing-new-nature
surreal-collage__irrigation-by-protocol-when-vineyards.png,irrigation-by-protocol-when-vineyards,surreal-collage,,1024,1024,"An aerial agricultural landscape of fields and irrigation patterns rendered with a heavy embossed, ridged filter that turns it into raised relief-like texture. Green-toned and abstracted.",#5d6b54,dimgray,#5d6b54 #9da696 #192b18 #728b65 #4e612f #334c26,dimgray; darkgray; black; gray; darkolivegreen; darkslategray,https://protocolized.summerofprotocols.com/p/irrigation-by-protocol-when-vineyards
surreal-collage__last-mile-optimism.png,last-mile-optimism,surreal-collage,,1024,1024,"A grey abstract composition resembling two stylized rock faces or torso forms with faint contour-line landscape sketches, split by a central green glowing band and pink haze. Muted monochrome with neon accents and an ambiguous, eerie mood.",#a1a0a0,darkgray,#a1a0a0 #656464 #0c0b0b #d2d1d1 #cda8a6 #90d16b,darkgray; dimgray; black; lightgray; tan; darkseagreen,https://protocolized.summerofprotocols.com/p/last-mile-optimism
surreal-collage__last-mile-optimism__00.png,last-mile-optimism,surreal-collage,00,1024,630,Sketchy line-art landscape collage of buildings and terrain in muted tones with a glowing red-green abstract block at center.,#a3a1a0,darkgray,#a3a1a0 #696767 #cda8a6 #d4d4d4 #171313 #91d06b,darkgray; dimgray; tan; lightgray; black; darkseagreen,https://protocolized.summerofprotocols.com/p/last-mile-optimism
surreal-collage__maintaining-everything-that-matters.png,maintaining-everything-that-matters,surreal-collage,,1536,1536,"Digitally distorted composition over an embossed gray texture, combining a navy drilling-tower outline, a grid of symbolic glyphs, and a bright cyan disc. Splattered magenta and pastel noise gives a glitched, map-like mood.",#a5a2a5,darkgray,#a5a2a5 #05dadc #5a6a92 #6da1a7 #24588e #a49c6a,darkgray; darkturquoise; slategray; cadetblue; darkslateblue; darkkhaki,https://protocolized.summerofprotocols.com/p/maintaining-everything-that-matters
surreal-collage__mr-cork-and-the-red-bus.png,mr-cork-and-the-red-bus,surreal-collage,,1000,1000,"A red-toned montage of an aged human hand reaching toward a phone or door with a bright lens flare, layered over a ghosted red double-decker bus. Atmospheric, moody, and dreamlike.",#601415,maroon,#601415 #931718 #381c1d #665b60 #9c5356 #d95757,maroon; brown; black; dimgray; sienna; indianred,https://protocolized.summerofprotocols.com/p/mr-cork-and-the-red-bus
surreal-collage__necrophoresis__00.png,necrophoresis,surreal-collage,00,1000,714,"Surreal washed-out collage of an elephant standing over a prone human figure on a savannah, with dark planetary spheres floating in the sky.",#25292c,darkslategray,#25292c #a4ab95 #cecdb1 #5e5a57 #234d52 #9d9372,darkslategray; darkgray; silver; dimgray; darkslategray; gray,https://protocolized.summerofprotocols.com/p/necrophoresis
surreal-collage__tension-landscapes__00.png,tension-landscapes,surreal-collage,00,2048,2048,"Retro-futurist collage landscape of a control tower and jagged peaks beneath a large yellow radiant sun with floating planetary orbs in yellow, pink and black.",#f9ecc6,blanchedalmond,#f9ecc6 #f4e3a9 #f4d45c #201b1b #f6cf31 #e4ac51,blanchedalmond; palegoldenrod; sandybrown; black; gold; sandybrown,https://protocolized.summerofprotocols.com/p/tension-landscapes
surreal-collage__the-double-key__00.png,the-double-key,surreal-collage,00,1000,714,"Painterly nocturnal cityscape glimpsed past a green wall bearing a glowing red lens or eye, with rain-lit skyscrapers in cool blue-green tones.",#516f5f,dimgray,#516f5f #394f55 #313531 #98a18d #687283 #8f9772,dimgray; darkslategray; darkslategray; darkseagreen; slategray; gray,https://protocolized.summerofprotocols.com/p/the-double-key
surreal-collage__the-fabric-and-the-brain.png,the-fabric-and-the-brain,surreal-collage,,1129,1129,"A square composition of a white circular ring with notched edges centered over an aerial-style field of dense green, yellow, and orange foliage on a near-black ground. Symmetrical, pattern-like, and non-representational in impression.",#242422,black,#242422 #5a5f50 #fcfcfc #535533 #70905c #8e9761,black; dimgray; snow; darkolivegreen; dimgray; gray,https://protocolized.summerofprotocols.com/p/the-fabric-and-the-brain
surreal-collage__the-headless-empire__06.png,the-headless-empire,surreal-collage,06,1000,1000,Surreal glitch collage of two robed faceless figures formed from dense circuitry and digital noise against pastel pink and blue.,#dbdbda,gainsboro,#dbdbda #9fa09e #abd5df #dbaea8 #0d0e0e #6f999f,gainsboro; darkgray; lightblue; tan; black; cadetblue,https://protocolized.summerofprotocols.com/p/the-headless-empire
surreal-collage__the-partial__00.jpeg,the-partial,surreal-collage,00,896,640,A translucent ribbed glass starfish-like form with an iridescent central orb on a deep blue ground; a sculptural abstract render.,#4763a2,steelblue,#4763a2 #3e5ba1 #273268 #7088a9 #8ea0a8 #9eacc7,steelblue; darkslateblue; midnightblue; lightslategray; darkgray; darkgray,https://protocolized.summerofprotocols.com/p/the-partial
surreal-collage__the-reverie-loop__06.gif,the-reverie-loop,surreal-collage,06,472,472,"A glowing luminous orb resting on a stepped surface in a dim pink-and-dark-green interior, rendered in soft posterized digital art.",#061c14,black,#061c14 #decc68 #9c6267 #c75b72 #f7ee8d #b19c5f,black; burlywood; gray; indianred; khaki; darkkhaki,https://protocolized.summerofprotocols.com/p/the-reverie-loop
surreal-collage__theorizing-protocolization-ii-atomic__00.png,theorizing-protocolization-ii-atomic,surreal-collage,00,1200,630,"An abstract pink, teal, and brown composition of a textured central disc surrounded by swirling tendril-like forms, resembling a manipulated micrograph.",#656369,dimgray,#656369 #a88eb1 #d2d5d9 #b5a5c8 #956f9d #926665,dimgray; darkgray; lightgray; silver; lightslategray; dimgray,https://protocolized.summerofprotocols.com/p/theorizing-protocolization-ii-atomic
surreal-collage__theorizing-protocolization-ii-atomic__06.png,theorizing-protocolization-ii-atomic,surreal-collage,06,1024,1024,An abstract generative composition with a maze-textured central orb encircled by purple tendrils on a pale blue ground.,#c9d3d5,lightgray,#c9d3d5 #a68fb0 #67626b #b3a8c6 #967693 #90656f,lightgray; darkgray; dimgray; silver; gray; gray,https://protocolized.summerofprotocols.com/p/theorizing-protocolization-ii-atomic
technical-schematic__a-government-guide-to-open-protocols__05.png,a-government-guide-to-open-protocols,technical-schematic,05,1200,1200,Generative abstract render of glowing orange and black organic veins forming a loose framed lattice over a blue-to-orange gradient background.,#a9dae3,lightblue,#a9dae3 #0ba1dc #5994cd #504e59 #6d74ae #635433,lightblue; dodgerblue; cornflowerblue; darkslategray; lightslategray; darkolivegreen,https://protocolized.summerofprotocols.com/p/a-government-guide-to-open-protocols
technical-schematic__a-very-short-introduction-to-memory__00.png,a-very-short-introduction-to-memory,technical-schematic,00,1000,714,"Isometric 3D render of pale minimalist geometric forms (columns, spheres on stalks, slabs) over yellow ground shapes.",#f1f2e9,linen,#f1f2e9 #f1f589 #f2f67c #aeafaa #f4996f #a8a474,linen; khaki; khaki; darkgray; darksalmon; darkkhaki,https://protocolized.summerofprotocols.com/p/a-very-short-introduction-to-memory
technical-schematic__a-very-short-introduction-to-memory__04.png,a-very-short-introduction-to-memory,technical-schematic,04,1000,1000,"Isometric 3D render of minimalist white geometric objects and orange spheres on yellow planes, with a large red 44 numeral lower-left.",#f2f3ec,whitesmoke,#f2f3ec #f3f788 #f3f77c #adaeaa #f59a70 #a2a074,whitesmoke; khaki; khaki; darkgray; lightsalmon; darkkhaki,https://protocolized.summerofprotocols.com/p/a-very-short-introduction-to-memory
technical-schematic__bridge-atlas-ep-1-entry-points__06.png,bridge-atlas-ep-1-entry-points,technical-schematic,06,1000,1000,"Two stylized line-art arches, one green and one orange, rendered as intricate ornamental schematics on an olive-brown ground.",#443505,darkolivegreen,#443505 #999664 #635826 #d5d6a2 #b1ab8a #3d2e00,darkolivegreen; gray; darkolivegreen; palegoldenrod; rosybrown; black,https://protocolized.summerofprotocols.com/p/bridge-atlas-ep-1-entry-points
technical-schematic__bridge-atlas-episode-2-paradigms.png,bridge-atlas-episode-2-paradigms,technical-schematic,,1384,1384,"An arch or bridge form rendered as a textured band of cellular orange, cream, and green patterns on a flat olive-brown background. Non-representational and ornamental in style.",#463605,darkolivegreen,#463605 #665a1e #aba551 #e4e39f #8f651d #989137,darkolivegreen; darkolivegreen; darkkhaki; palegoldenrod; sienna; olivedrab,https://protocolized.summerofprotocols.com/p/bridge-atlas-episode-2-paradigms
technical-schematic__bridge-atlas-episode-3-commons__00.png,bridge-atlas-episode-3-commons,technical-schematic,00,1000,1000,Orange line-art rendering of a suspension bridge whose deck dissolves into tangled organic filigree on a pale cream ground.,#fcf2d2,papayawhip,#fcf2d2 #f8d3a1 #f8ad64 #fd750d #fa8b2f #fabe81,papayawhip; navajowhite; sandybrown; darkorange; coral; burlywood,https://protocolized.summerofprotocols.com/p/bridge-atlas-episode-3-commons
technical-schematic__generative-ai-in-cultural-projects__00.png,generative-ai-in-cultural-projects,technical-schematic,00,1024,1024,Abstract generative composition of tangled wireframe loops and dotted mesh shapes with blue and lime circles on a cream ground.,#e6e3d7,gainsboro,#e6e3d7 #a6a49b #67655c #cfcdb4 #cdd905 #0255ce,gainsboro; darkgray; dimgray; silver; gold; royalblue,https://protocolized.summerofprotocols.com/p/generative-ai-in-cultural-projects
technical-schematic__mechanical-currents__05.png,mechanical-currents,technical-schematic,05,1000,1000,Cropped variant of stippled clouds over a wireframe stepped lattice structure on a pale blue background.,#b6d8ee,lightblue,#b6d8ee #ecebe3 #969f9f #626864 #0c4970 #6d8e9c,lightblue; beige; darkgray; dimgray; darkslategray; lightslategray,https://protocolized.summerofprotocols.com/p/mechanical-currents
technical-schematic__protocols-for-the-long-now__06.png,protocols-for-the-long-now,technical-schematic,06,1100,1100,Vertical crop of the dark abstract piece: glowing blue arcs over a starfield sphere atop a red etched mandala form.,#050003,black,#050003 #5a0004 #0000ed #ea0000 #9c0002 #03005e,black; maroon; blue; red; darkred; navy,https://protocolized.summerofprotocols.com/p/protocols-for-the-long-now
technical-schematic__sigp4b-update-4-drift-stacking__00.jpeg,sigp4b-update-4-drift-stacking,technical-schematic,00,1024,1024,Surreal pen-and-ink illustration of two spheres suspended on a rigid armature above stacked paper-like slabs on a pale green ground.,#c6e8c6,lightgray,#c6e8c6 #b8e1c4 #b4cfb6 #98ada7 #c4dcbb #16161e,lightgray; lightgray; silver; darkgray; silver; black,https://protocolized.summerofprotocols.com/p/sigp4b-update-4-drift-stacking
technical-schematic__the-faithful-channel__05.png,the-faithful-channel,technical-schematic,05,1024,1024,Vertical abstract generative artwork of an ornate detailed organic form surrounded by branching dark green tendrils on a pale ground.,#eee2ce,antiquewhite,#eee2ce #12252d #5a5a57 #27532e #a6a09a #ceada5,antiquewhite; black; dimgray; darkslategray; darkgray; tan,https://protocolized.summerofprotocols.com/p/the-faithful-channel
